<?xml version="1.0" encoding="UTF-8"?>
<beans xmlns="http://www.springframework.org/schema/beans"
	xmlns:xsi="http://www.w3.org/2001/XMLSchema-instance" 
	xmlns:aop="http://www.springframework.org/schema/aop"
	xsi:schemaLocation="http://www.springframework.org/schema/beans 
	http://www.springframework.org/schema/beans/spring-beans-4.0.xsd">
	<!-- use to call default constructor -->
	
	<bean id="template" class="org.springframework.jdbc.core.JdbcTemplate" scope="singleton" lazy-init="default">
		<property name="dataSource" ref="dataSource"></property>
	</bean>
	<bean id="dataSource" class="org.springframework.jdbc.datasource.DriverManagerDataSource" scope="singleton" lazy-init="default">
		<property name="driverClassName" value="org.postgresql.Driver" />
		<property name="url" value="jdbc:postgresql://10.212.8.198:5432/ecib" />
		<property name="username" value="ecib_user" />
		<property name="password" value="ecgcecib" />
	</bean>
	
	
</beans>