<?xml version="1.0" encoding="UTF-8"?>
<beans xmlns="http://www.springframework.org/schema/beans"
	xmlns:xsi="http://www.w3.org/2001/XMLSchema-instance" 
	xmlns:aop="http://www.springframework.org/schema/aop"
	xsi:schemaLocation="http://www.springframework.org/schema/beans 
	http://www.springframework.org/schema/beans/spring-beans-4.0.xsd">
	<!-- autowire byname -->
	<bean id="employee" class="com.cdac.model.Employee" scope="prototype" lazy-init="true" 
			autowire="byName" init-method="init" destroy-method="delete"> <!-- autowire is help for implicitly wiring the object of address by its name-->
		<property name="employeid" value="100"></property>
		<property name="name" value="vrush"></property>
		<property name="salary" value="192762"></property>
	</bean>
	<!-- use to call parameterised onstructor
	<bean id="employee2" class="com.cdac.model.Employee" scope="singleton" > 
		<constructor-arg name="address" ref="address"/>
		<property name="employeid" value="110"></property>
		<property name="name" value="nikhil"></property>
		<property name="salary" value="16363"></property> 
	</bean>-->
	<bean id="address" class="com.cdac.model.Address"  scope="singleton" >
		<property name="street" value="gulmohar cross road"></property>
		<property name="city" value="mumbai"></property>
	</bean>
	
	
	
</beans>
