<?xml version="1.0" encoding="UTF-8"?>
<beans xmlns="http://www.springframework.org/schema/beans"
	xmlns:xsi="http://www.w3.org/2001/XMLSchema-instance" 
	xmlns:aop="http://www.springframework.org/schema/aop"
	xsi:schemaLocation="http://www.springframework.org/schema/beans 
	http://www.springframework.org/schema/beans/spring-beans-4.0.xsd">
	<!-- use to call default constructor -->
	<bean id="employee" class="com.cdac.model.Employee" scope="prototype" > 
		<property name="address" ref="address"></property>
		<property name="employeid" value="100"></property>
		<property name="name" value="vrush"></property>
		<property name="salary" value="192762"></property>
	</bean>
	<bean id="address" class="com.cdac.model.Address"  scope="prototype" >
		<property name="street" value="gulmohar cross road"></property>
		<property name="city" value="mumbai"></property>
	</bean>
	<bean id="service" class="com.cdac.service.EmployeeServiceImpl" scope="singleton" lazy-init="false" autowire="byName">
		<!-- <property name="dao" ref="dao"></property> -->
	</bean>
	<bean id="dao" class="com.cdac.dao.EmployeeDaoImp" scope="singleton" lazy-init="default">
	</bean>
</beans>
