<?xml version="1.0" encoding="UTF-8"?>
<beans xmlns="http://www.springframework.org/schema/beans"
xmlns:xsi="http://www.w3.org/2001/XMLSchema-instance"
xmlns:context="http://www.springframework.org/schema/context"
xmlns:tx="http://www.springframework.org/schema/tx"
xmlns:mvc="http://www.springframework.org/schema/mvc"
xsi:schemaLocation="http://www.springframework.org/schema/beans
http://www.springframework.org/schema/beans/spring-beans.xsd
http://www.springframework.org/schema/context
http://www.springframework.org/schema/context/spring-context.xsd
http://www.springframework.org/schema/tx 
http://www.springframework.org/schema/tx/spring-tx-4.0.xsd
http://www.springframework.org/schema/mvc
http://www.springframework.org/schema/mvc/spring-mvc.xsd">
	
	<!-- Dispatcher servlet -->
	<context:component-scan base-package="com.cdac.controller"></context:component-scan>  <!-- Here the Class path which use @Controller,@Repository,@Service annotations -->
	
	<!-- View Resolver -->
	<bean id="viewResolver" class="org.springframework.web.servlet.view.InternalResourceViewResolver" scope="singleton" lazy-init="default">
		<property name="prefix" value="WEB-INF/pages/"></property> <!-- path of pages -->
		<property name="suffix" value=".jsp"></property>
	</bean>
</beans>